{"AUC": 0.9484346987493788, "confusion_matrix": {"_type": "image-file", "sha256": "2b1c68de79949c19b7955b67d0f93548f3456cdad6afec6b83344baed3007588", "size": 94306, "path": "media/images/confusion_matrix_0_2b1c68de79949c19b795.png", "format": "png", "width": 1000, "height": 1000}, "_timestamp": 1744807754.260422, "_runtime": 3.609644889831543, "_step": 0, "_wandb": {"runtime": 3}}